<resources>
    <string name="app_name">My Pizza App</string>
    <string name="welcome_msg">Welcome to Perfect Pizza! We are located at 550 East Spring Street, Columbus OH 43215 and our email
        address is info@perfectpizza.com. You can also find us at www.google.com.
    </string>
    <string name="size_msg">Pizza Size</string>
    
    <string name="radio01txt">Small</string>
    <string name="radio02txt">Medium</string>
    <string name="radio03txt">Large</string>
    
    <string name="check01txt">Pepperoni</string>
    <string name="check02txt">Onion</string>
    <string name="check03txt">Sausage</string>
    
    <string name="radio04txt">Pickup</string>
    <string name="radio05txt">Delivery</string>
</resources>
